{
  "overall_accuracy": 0.8636363636363636,
  "per_class": {
    "1_true": {
      "precision": 0.8461538461538461,
      "recall": 0.8888888888888888,
      "f1": 0.8669950738916256,
      "support": 99
    },
    "0_fake": {
      "precision": 0.8829787234042553,
      "recall": 0.8383838383838383,
      "f1": 0.8601036269430052,
      "support": 99
    }
  },
  "confusion_matrix": {
    "tp": 88,
    "tn": 83,
    "fp": 16,
    "fn": 11
  },
  "errors": 2,
  "total_evaluated": 198,
  "label_distribution": {
    "true_labels": {
      "0": 100,
      "1": 100
    },
    "pred_labels": {
      "0": 94,
      "1": 104,
      "unknown": 2
    }
  },
  "token_estimate": {
    "prompt_prefix_chars": 108,
    "total_prompt_chars": 915642,
    "estimated_tokens": 228911,
    "items": 200,
    "sample_size_each": 100
  }
}