{
  "timestamp": "20260307_010446",
  "model": "qwen-max",
  "sample_size": -1,
  "prompts": [
    "committee_cross_reference",
    "cross_check_simulator",
    "dual_track_verifier",
    "weighted_evidence_scorer"
  ],
  "results": [
    {
      "prompt_name": "committee_cross_reference",
      "metrics": {
        "accuracy": 0.8519163763066202,
        "precision": 0.916,
        "recall": 0.7815699658703071,
        "f1": 0.843462246777164,
        "total": 574,
        "correct": 489,
        "unknown_count": 0,
        "tp": 229,
        "fp": 21,
        "fn": 64,
        "tn": 260
      }
    },
    {
      "prompt_name": "cross_check_simulator",
      "metrics": {
        "accuracy": 0.8606271777003485,
        "precision": 0.8790035587188612,
        "recall": 0.8430034129692833,
        "f1": 0.8606271777003482,
        "total": 574,
        "correct": 494,
        "unknown_count": 0,
        "tp": 247,
        "fp": 34,
        "fn": 46,
        "tn": 247
      }
    },
    {
      "prompt_name": "dual_track_verifier",
      "metrics": {
        "accuracy": 0.8257839721254355,
        "precision": 0.7846607669616519,
        "recall": 0.9078498293515358,
        "f1": 0.8417721518987341,
        "total": 574,
        "correct": 474,
        "unknown_count": 0,
        "tp": 266,
        "fp": 73,
        "fn": 27,
        "tn": 208
      }
    },
    {
      "prompt_name": "weighted_evidence_scorer",
      "metrics": {
        "accuracy": 0.7909407665505227,
        "precision": 0.736986301369863,
        "recall": 0.9180887372013652,
        "f1": 0.817629179331307,
        "total": 574,
        "correct": 454,
        "unknown_count": 0,
        "tp": 269,
        "fp": 96,
        "fn": 24,
        "tn": 185
      }
    }
  ]
}